Año-Mes,Total_Litros,Total_Monto,Total_Costo,Total_Utilidad,Costo_prom_litro,Util_prom_litro
2024-12,32524799.0,691780006.55,25437.01,7214133.35,0.0007820804672766771,0.221804087090592
2025-01,32337514.0,713422263.33,26556.41,7367565.89,0.0008212260843551548,0.22783340395306825
2025-02,34588579.88,752101155.08,28614.46,7155330.37,0.0008272805677270841,0.2068697354683068
2025-03,44711963.0,968565210.85,37099.43,10261954.62,0.0008297428140204893,0.22951250474062163
2025-04,54833473.97,1191379353.09,44206.340000000004,14226584.49,0.0008061925827312306,0.2594507234355336
2025-05,58404347.54,1245564008.0,46105.29,12120007.09,0.0007894153764567507,0.2075189194040605
